[1,["20g1ukYUVPvKWKBRznAKo+@f9941","bdG8q6vX1KcbFDmXyII4Pk@f9941","20g1ukYUVPvKWKBRznAKo+@6c48a","54TknWPwVPqJqeCR+Y/Czo@6c48a","7dj5uJT9FMn6OrOOx83tfK@6c48a","95EkngnxZFbYuFpsqVTaFr@6c48a","7dj5uJT9FMn6OrOOx83tfK@f9941","54TknWPwVPqJqeCR+Y/Czo@f9941","95EkngnxZFbYuFpsqVTaFr@f9941","bdG8q6vX1KcbFDmXyII4Pk@6c48a"],["node","_textureSource","_spriteFrame","_parent","_cameraComponent","_target","target","editBox","lblTips","lblContent","scene","_normalSprite","_hoverSprite","_pressedSprite","_disabledSprite","_backgroundImage"],[["cc.Node",["_name","_layer","_id","_objFlags","_components","_parent","_lpos","_children"],-1,9,1,5,2],"cc.SpriteFrame",["cc.Label",["_string","_actualFontSize","_fontSize","_lineHeight","_enableWrapText","_isBold","_overflow","node","_color"],-4,1,5],["cc.Node",["_name","_layer","_active","_parent","_components","_lpos","_children"],0,1,12,5,2],["cc.UITransform",["node","_contentSize","_anchorPoint"],3,1,5,5],["cc.Widget",["_enabled","_alignFlags","_originalWidth","_originalHeight","node"],-1,1],["cc.Sprite",["_sizeMode","_type","node","_spriteFrame"],1,1,6],["cc.SceneAsset",["_name"],2],["cc.Node",["_name","_parent","_components","_lpos"],2,1,2,5],["cc.Canvas",["node","_cameraComponent"],3,1,1],["cc.Button",["_transition","node","clickEvents","_normalColor","_target","_normalSprite","_hoverSprite","_pressedSprite","_disabledSprite"],2,1,9,5,1,6,6,6,6],["cc.ClickEvent",["_componentId","handler","target"],1,1],["51e770/e4VOGqz6A5nzKMix",["node","lblContent","lblTips","editBox"],3,1,1,1,1],["cc.Scene",["_name","_children","_globals"],2,2,4],["cc.SceneGlobals",["ambient","shadows","_skybox","fog","octree","skin","lightProbeInfo","postSettings"],3,4,4,4,4,4,4,4,4],["cc.AmbientInfo",["_skyColorHDR","_groundAlbedoHDR"],3,5,5],["cc.ShadowsInfo",["_shadowColor","_size"],3,5,5],["cc.SkyboxInfo",[],3],["cc.FogInfo",[],3],["cc.OctreeInfo",[],3],["cc.SkinInfo",["_enabled"],2],["cc.LightProbeInfo",[],3],["cc.PostSettingsInfo",[],3],["cc.Camera",["_projection","_orthoHeight","_near","_visibility","node","_color"],-1,1,5],["cc.EditBox",["_inputMode","_maxLength","node","editingReturn","_textLabel","_placeholderLabel"],1,1,9,1,1]],[[4,0,1,1],[3,0,1,3,4,5,3],[4,0,1,2,1],[6,1,0,2,3,3],[11,0,1,2,3],[2,0,1,2,3,5,7,8,6],[7,0,2],[0,0,1,2,7,4,6,4],[0,0,1,5,7,4,6,3],[0,0,2,4,3],[0,0,1,5,4,3],[0,0,1,5,4,6,3],[0,0,3,1,5,4,4],[3,0,1,3,6,4,3],[3,0,2,1,3,4,5,4],[8,0,1,2,3,2],[9,0,1,1],[5,0,1,4,3],[5,0,1,2,3,4,5],[6,0,2,3,2],[10,0,1,2,3,4,5,6,7,8,2],[12,0,1,2,3,1],[13,0,1,2,2],[14,0,1,2,3,4,5,6,7,1],[15,0,1,1],[16,0,1,1],[17,1],[18,1],[19,1],[20,0,2],[21,1],[22,1],[2,0,1,2,3,4,5,7,8,7],[2,0,1,2,3,7,5],[2,0,1,2,3,6,4,7,7],[2,0,1,2,3,6,4,7,8,7],[23,0,1,2,3,4,5,5],[24,0,1,2,3,4,5,3]],[[[{"name":"default_btn_normal","rect":{"x":0,"y":0,"width":40,"height":40},"offset":{"x":0,"y":0},"originalSize":{"width":40,"height":40},"rotated":false,"capInsets":[12,12,12,12],"vertices":{"rawPosition":[-20,-20,0,20,-20,0,-20,20,0,20,20,0],"indexes":[0,1,2,2,1,3],"uv":[0,40,40,40,0,0,40,0],"nuv":[0,0,1,0,0,1,1,1],"minPos":{"x":-20,"y":-20,"z":0},"maxPos":{"x":20,"y":20,"z":0}},"packable":true,"pixelsToUnit":100,"pivot":{"x":0.5,"y":0.5},"meshType":0}],[1],0,[0],[1],[2]],[[{"name":"default_btn_pressed","rect":{"x":0,"y":0,"width":40,"height":40},"offset":{"x":0,"y":0},"originalSize":{"width":40,"height":40},"rotated":false,"capInsets":[12,12,12,12],"vertices":{"rawPosition":[-20,-20,0,20,-20,0,-20,20,0,20,20,0],"indexes":[0,1,2,2,1,3],"uv":[0,40,40,40,0,0,40,0],"nuv":[0,0,1,0,0,1,1,1],"minPos":{"x":-20,"y":-20,"z":0},"maxPos":{"x":20,"y":20,"z":0}},"packable":true,"pixelsToUnit":100,"pivot":{"x":0.5,"y":0.5},"meshType":0}],[1],0,[0],[1],[3]],[[{"name":"default_sprite_splash","rect":{"x":0,"y":0,"width":2,"height":2},"offset":{"x":0,"y":0},"originalSize":{"width":2,"height":2},"rotated":false,"capInsets":[0,0,0,0],"vertices":{"rawPosition":[-1,-1,0,1,-1,0,-1,1,0,1,1,0],"indexes":[0,1,2,2,1,3],"uv":[0,2,2,2,0,0,2,0],"nuv":[0,0,1,0,0,1,1,1],"minPos":{"x":-1,"y":-1,"z":0},"maxPos":{"x":1,"y":1,"z":0}},"packable":true,"pixelsToUnit":100,"pivot":{"x":0.5,"y":0.5},"meshType":0}],[1],0,[0],[1],[4]],[[{"name":"default_btn_disabled","rect":{"x":0,"y":0,"width":40,"height":40},"offset":{"x":0,"y":0},"originalSize":{"width":40,"height":40},"rotated":false,"capInsets":[12,12,12,12],"vertices":{"rawPosition":[-20,-20,0,20,-20,0,-20,20,0,20,20,0],"indexes":[0,1,2,2,1,3],"uv":[0,40,40,40,0,0,40,0],"nuv":[0,0,1,0,0,1,1,1],"minPos":{"x":-20,"y":-20,"z":0},"maxPos":{"x":20,"y":20,"z":0}},"packable":true,"pixelsToUnit":100,"pivot":{"x":0.5,"y":0.5},"meshType":0}],[1],0,[0],[1],[5]],[[[6,"scene"],[7,"Canvas",33554432,"beI88Z2HpFELqR4T5EMHpg",[-5,-6,-7,-8,-9,-10,-11],[[0,-1,[5,1280,720]],[16,-3,-2],[17,false,45,-4]],[1,640,360,0]],[13,"EditBox",33554432,1,[-15,-16],[[[0,-12,[5,500,80]],[3,1,0,-13,1],-14],4,4,1]],[8,"Button",33554432,1,[-22],[[0,-17,[5,200,80]],[3,1,0,-18,2],[20,2,-21,[[4,"51e770/e4VOGqz6A5nzKMix","onClickRestart",-20]],[4,4292269782],-19,3,4,5,6]],[1,531.203,280,0]],[9,"GameManager","ebVhsvltZOtI4qjZR4NVTe",[[21,-26,-25,-24,-23]]],[10,"SpriteSplash",33554432,1,[[0,-27,[5,1280,720]],[19,0,-28,0],[18,false,45,100,100,-29]]],[22,"scene",[4,1],[23,[24,[2,0,0,0,0.520833125],[2,0,0,0,0]],[25,[4,4283190348],[0,512,512]],[26],[27],[28],[29,false],[30],[31]]],[1,"LbContent",33554432,1,[[[0,-30,[5,350,126]],-31],4,1],[1,0,131.679,0]],[11,"LbTitle",33554432,1,[[0,-32,[5,772.16796875,126]],[5,"NUMBER BOMB",100,100,100,true,-33,[4,4278190080]]],[1,0,280,0]],[1,"LbTips",33554432,1,[[[0,-34,[5,0,126]],-35],4,1],[1,0,-103.803,0]],[14,"TEXT_LABEL",false,33554432,2,[[[2,-36,[5,498,80],[0,0,1]],-37],4,1],[1,-248,40,0]],[1,"PLACEHOLDER_LABEL",33554432,2,[[[2,-38,[5,498,80],[0,0,1]],-39],4,1],[1,-248,40,0]],[12,"Label",512,33554432,3,[[0,-40,[5,167.326171875,63]],[32,"RESTART",36,36,50,false,true,-41,[4,4278190080]]]],[5,"请输入数字",70,70,100,true,7,[4,4278190080]],[15,"Camera",1,[-42],[1,0,0,1000]],[36,0,458.49568434032057,0,1108344832,14,[4,4278190080]],[33,"",70,70,100,9],[34,"",70,70,70,1,false,10],[35,"",70,70,70,1,false,11,[4,4290493371]],[37,6,8,2,[[4,"51e770/e4VOGqz6A5nzKMix","checkResult",4]],17,18]],0,[0,0,1,0,4,15,0,0,1,0,0,1,0,-1,14,0,-2,5,0,-3,8,0,-4,7,0,-5,9,0,-6,2,0,-7,3,0,0,2,0,0,2,0,-3,19,0,-1,10,0,-2,11,0,0,3,0,0,3,0,5,3,0,6,4,0,0,3,0,-1,12,0,7,19,0,8,16,0,9,13,0,0,4,0,0,5,0,0,5,0,0,5,0,0,7,0,-2,13,0,0,8,0,0,8,0,0,9,0,-2,16,0,0,10,0,-2,17,0,0,11,0,-2,18,0,0,12,0,0,12,0,-1,15,0,10,6,1,3,6,4,3,6,42],[0,0,0,0,0,0,0,19],[2,2,2,11,12,13,14,15],[6,1,0,0,0,7,8,1]],[[{"name":"default_editbox_bg","rect":{"x":0,"y":0,"width":40,"height":40},"offset":{"x":0,"y":0},"originalSize":{"width":40,"height":40},"rotated":false,"capInsets":[12,12,12,12],"vertices":{"rawPosition":[-20,-20,0,20,-20,0,-20,20,0,20,20,0],"indexes":[0,1,2,2,1,3],"uv":[0,40,40,40,0,0,40,0],"nuv":[0,0,1,0,0,1,1,1],"minPos":{"x":-20,"y":-20,"z":0},"maxPos":{"x":20,"y":20,"z":0}},"packable":true,"pixelsToUnit":100,"pivot":{"x":0.5,"y":0.5},"meshType":0}],[1],0,[0],[1],[9]]]]
